title,company,location,link
"Software Engineering - Java8, Python - Bengaluru","JPMorgan Chase Bank, N.A.","Mumbai, India",https://stackoverflow.com/jobs/502522
Tech Lead Data Engineer (f/m/d) 80-100%,Homegate AG,"ZÃ¼rich, Switzerland",https://stackoverflow.com/jobs/471378
Tech Lead Agathe,ENGIE Digital,"Paris, France",https://stackoverflow.com/jobs/486204
Senior Back End Engineer - Java / Kotlin / Python,teckro,"Dublin, Ireland",https://stackoverflow.com/jobs/403329
Fullstack Engineer,TRAMES Pte Ltd,No office location,https://stackoverflow.com/jobs/460394
Software Developer 4 (JoinOCI-SDE),Oracle,"Hyderabad, India",https://stackoverflow.com/jobs/502543
Senior Backend Engineer Who Loves Typescript,WELL Health Inc.,"Santa Barbara, CA",https://stackoverflow.com/jobs/470542
AI Solutions Architect,Soul Machines Limited,"San Francisco, CA",https://stackoverflow.com/jobs/486185
Founding Software Engineer (RunX),Unusual Ventures,"San Francisco, CA",https://stackoverflow.com/jobs/486184
Support Engineer,Thanx,"Toronto, ON, Canada",https://stackoverflow.com/jobs/502541
Senior Software Engineer in Test,Deepfield Networks,"Ann Arbor, MI",https://stackoverflow.com/jobs/205565
Senior Red Team Business Process Testing Lead,"JPMorgan Chase Bank, N.A.","Wilmington, DE",https://stackoverflow.com/jobs/502532
Software Engineer - Identity & Access Management,"JPMorgan Chase Bank, N.A.","New York, NY",https://stackoverflow.com/jobs/502524
Sr Site Reliability Engineer,"JPMorgan Chase Bank, N.A.","Plano, TX",https://stackoverflow.com/jobs/502519
Software Engineering - Python - VP (Athena),"JPMorgan Chase Bank, N.A.","Bengaluru, India",https://stackoverflow.com/jobs/502517
"Software Engineer, Devops","JPMorgan Chase Bank, N.A.","Palo Alto, CA",https://stackoverflow.com/jobs/502516
Senior Java / Big Data Application Developer - Vice President,"JPMorgan Chase Bank, N.A.",Singapore,https://stackoverflow.com/jobs/502515
AWS Cloud Data Engineer,"JPMorgan Chase Bank, N.A.","Plano, TX",https://stackoverflow.com/jobs/502514
Senior Machine Learning / Site Reliability Engineer,"JPMorgan Chase Bank, N.A.","Jersey City, NJ",https://stackoverflow.com/jobs/502512
Database Developer,"JPMorgan Chase Bank, N.A.","Chicago, IL",https://stackoverflow.com/jobs/502501
Software Engineering - Tech Lead,"JPMorgan Chase Bank, N.A.","Buenos Aires, Argentina",https://stackoverflow.com/jobs/502496
Infrastructure Engineer,"JPMorgan Chase Bank, N.A.","Glasgow, UK",https://stackoverflow.com/jobs/502495
"Software Engineering - Java,BigData- Bangalore","JPMorgan Chase Bank, N.A.","Bengaluru, India",https://stackoverflow.com/jobs/502491
Private Cloud Information Architect - Platform Services,"JPMorgan Chase Bank, N.A.","Glasgow, UK",https://stackoverflow.com/jobs/502490
"Executive Director, Data Science","JPMorgan Chase Bank, N.A.","Columbus, OH",https://stackoverflow.com/jobs/502489
Python Developer,ION,"New York, NY",https://www.indeed.com/viewjob?jk=b2e80047a98b4bc5&from=web&vjs=3
Django - Python Developer,IBL Education,"New York, NY",https://www.indeed.com/viewjob?jk=b6dcc4c87dc0b034&from=web&vjs=3
"Data Analyst, Clinical Research",Happify Health,Remote,https://www.indeed.com/viewjob?jk=aef476ec31e1313c&from=web&vjs=3
EDI Tester - Health Care Experience required,Arktek IT solutions,"Rockville, MD",https://www.indeed.com/viewjob?jk=c0f36cc5a08ee37e&from=web&vjs=3
Java Python Developer,Pinnacle Alliances,"Reston, VA",https://www.indeed.com/viewjob?jk=ce475bfcc28e7bb6&from=web&vjs=3
"Data Integration Specialist, Health",USRetina,"Denver, CO",https://www.indeed.com/viewjob?jk=d926cbf35b1f2d0a&from=web&vjs=3
Senior Python Developer,Extreme Engineering Solutions,"Verona, WI",https://www.indeed.com/viewjob?jk=daf07c3b8f869f77&from=web&vjs=3
Arity-Software Test Engineer (Remote-Home Based),Allstate,"Chicago, IL",https://www.indeed.com/viewjob?jk=777c1316f4140ab5&from=web&vjs=3
GIS Consultant,barn storm project,Remote,https://www.indeed.com/viewjob?jk=d106185a9aaeaf87&from=web&vjs=3
Entry Level Back End Developer: 2021,IBM,United States,https://www.indeed.com/viewjob?jk=4757a8891a7150f6&from=web&vjs=3
Python Software Developer,TapRecruit,"Washington, DC",https://www.indeed.com/viewjob?jk=709a8210e9020dbb&from=web&vjs=3
Broadcast Research Analyst,Sportradar AG,"Minneapolis, MN",https://www.indeed.com/viewjob?jk=4bcc35ab2556de69&from=web&vjs=3
Research Assistant,Woods Hole Oceanographic Institution,"Woods Hole, MA",https://www.indeed.com/viewjob?jk=ee9af9daf2f3db5f&from=web&vjs=3
Sr. Investigative Researcher,PayPal,"Omaha, NE",https://www.indeed.com/viewjob?jk=9428fcfd4d988c35&from=web&vjs=3
Python Backend Developer (Cloud/ML),Pensa Systems,"Denver, CO",https://www.indeed.com/viewjob?jk=e959c0f447271851&from=web&vjs=3
Baseball Analytics Associate,"DETROIT TIGERS,INC.","Detroit, MI",https://www.indeed.com/viewjob?jk=4fa5f7a5356d31db&from=web&vjs=3
Python Software Engineer for Athena Trade & Risk,"JPMorgan Chase Bank, N.A.","New York, NY",https://www.indeed.com/viewjob?jk=cce0aaf678bb2015&from=web&vjs=3
Python developer,VAUXOO,"Colima, GA",https://www.indeed.com/viewjob?jk=f7669fcbd77ecd11&from=web&vjs=3
"Data Scientist II, Economic Data - Remote Position",Zillow,"Seattle, WA",https://www.indeed.com/viewjob?jk=a3569c3f5c6cffdc&from=web&vjs=3
Python Developer,InfoQuest Consulting Group Inc.,Remote,https://www.indeed.com/viewjob?jk=35e33ea7f331f341&from=web&vjs=3
Marketing Data Scientist,Physicians Mutual,"Omaha, NE",https://www.indeed.com/viewjob?jk=9aa34d0b62a4f3a3&from=web&vjs=3
Operations Coordinator,Custom by Sock Club,"Austin, TX",https://www.indeed.com/viewjob?jk=aef39e1dde9c719d&from=web&vjs=3
Full-Stack Python Developer,stackbuilders,"New York, NY",https://www.indeed.com/viewjob?jk=b4490fe245a1d8ed&from=web&vjs=3
Data Scientist,Siyaton Global Solutions,Remote,https://www.indeed.com/viewjob?jk=82d6b9bd971a9988&from=web&vjs=3
Python Developer,Artemis Consulting Inc,"Washington, DC",https://www.indeed.com/viewjob?jk=e5d40a7f153bef2d&from=web&vjs=3
"Software Engineer, Python - Cryptowatch",kraken,Remote,https://www.indeed.com/viewjob?jk=3d2c1aadb5531ac3&from=web&vjs=3
"Python Data Engineer @ Remote (Portland, Oregon)",Bodhi Minds Groups,"Portland, OR",https://www.indeed.com/viewjob?jk=abf458621ff24ab0&from=web&vjs=3
Software Engineer,Cognizant Technology Solutions,"Earth City, MO",https://www.indeed.com/viewjob?jk=b9998c5e8da4f8fb&from=web&vjs=3
Python Tester,Themesoft Inc,"Philadelphia, PA",https://www.indeed.com/viewjob?jk=98c8dda37f0ce4bb&from=web&vjs=3
Power BI Admin,Tekskills Inc,Remote,https://www.indeed.com/viewjob?jk=e6c38d318e86678e&from=web&vjs=3
Senior Python Developer,FriendFinder Networks,"Campbell, CA",https://www.indeed.com/viewjob?jk=ffc7a1413302ac79&from=web&vjs=3
Senior SQL Developer - SQL/Python,Ascension,"Austin, TX",https://www.indeed.com/viewjob?jk=8f086b2c40daf8b9&from=web&vjs=3
Software Engineer Intern (Summer 2021),Panasonic Corporation of North America,"Denver, CO",https://www.indeed.com/viewjob?jk=5bd634bd4832cc9a&from=web&vjs=3
Help Desk Technician MDM,Omaha Public Schools,"Omaha, NE",https://www.indeed.com/viewjob?jk=8cc1292754ff808b&from=web&vjs=3
Database Developer,"JPMorgan Chase Bank, N.A.","Chicago, IL",https://www.indeed.com/viewjob?jk=2d0f2009dbae7d45&from=web&vjs=3
Penetration Testing Trainee (Remote USA),BreachLock,"Florida, NY",https://www.indeed.com/viewjob?jk=487b30db63184515&from=web&vjs=3
Geographer,World Bank Group,"Washington, DC",https://www.indeed.com/viewjob?jk=231e3032523d1763&from=web&vjs=3
Python Tester Lead,Excellerate Consulting,"Denver, CO",https://www.indeed.com/viewjob?jk=3204ae213a842e95&from=web&vjs=3
Online Scratch/Python Remote Instructor,Nature Preschool Center,Remote,https://www.indeed.com/viewjob?jk=48e9f8c0cf57c800&from=web&vjs=3
Python Django Backend Specialist,Bixly Inc,"Fresno, CA",https://www.indeed.com/viewjob?jk=9c5887b6d0b63c89&from=web&vjs=3
Junior Hybrid Trader Intern at Belvedere Trading - Summer 2021,Belvedere Trading,"Boulder, CO",https://www.indeed.com/viewjob?jk=08a31ee067c27b75&from=web&vjs=3
Business Analyst,ghSMART,"Seattle, WA",https://www.indeed.com/viewjob?jk=9776816433e012de&from=web&vjs=3
Analytics Associate (Recent Grads),Search Discovery,"Atlanta, GA",https://www.indeed.com/viewjob?jk=4f3afc50aa903a3d&from=web&vjs=3
"Software Engineer- Python, CLI & Web, 4G/LTE/5G",SSIT Inc,"Overland Park, KS",https://www.indeed.com/viewjob?jk=5a862d2f82067a55&from=web&vjs=3
Instructional Designer,CodeWizardsHQ,"Omaha, NE",https://www.indeed.com/viewjob?jk=64ad5ec653dc4804&from=web&vjs=3
Guidewire PolicyCenter QA Analysts,AE Business Solutions,"Madison, WI",https://www.indeed.com/viewjob?jk=2a23494e2d076a9a&from=web&vjs=3
Senior Data Engineer,Physicians Mutual,"Omaha, NE",https://www.indeed.com/viewjob?jk=c8abfd675c110991&from=web&vjs=3
Python Developer,MassMutual,"New York, NY",https://www.indeed.com/viewjob?jk=90de04c75f72f2f3&from=web&vjs=3
Research Editor,Dow Jones,"Princeton, NJ",https://www.indeed.com/viewjob?jk=15fd90ea1cdc91bf&from=web&vjs=3
Sr. Software Engineer (AWS) AND Python,Ursi Technologies Inc,"Atlanta, GA",https://www.indeed.com/viewjob?jk=d1704d928bb159d0&from=web&vjs=3
"Environment Artist, Autopilot Simulation",Tesla,"Palo Alto, CA",https://www.indeed.com/viewjob?jk=d4d358f1e21b4244&from=web&vjs=3
Python Developer,Virtusa,"Bridgeport, CT",https://www.indeed.com/viewjob?jk=8823b62e14ff79bf&from=web&vjs=3
Python Developer,ION,"New York, NY",https://www.indeed.com/viewjob?jk=b2e80047a98b4bc5&from=web&vjs=3
Django - Python Developer,IBL Education,"New York, NY",https://www.indeed.com/viewjob?jk=b6dcc4c87dc0b034&from=web&vjs=3
"Data Analyst, Clinical Research",Happify Health,Remote,https://www.indeed.com/viewjob?jk=aef476ec31e1313c&from=web&vjs=3
EDI Tester - Health Care Experience required,Arktek IT solutions,"Rockville, MD",https://www.indeed.com/viewjob?jk=c0f36cc5a08ee37e&from=web&vjs=3
Java Python Developer,Pinnacle Alliances,"Reston, VA",https://www.indeed.com/viewjob?jk=ce475bfcc28e7bb6&from=web&vjs=3
Senior Python Developer,Extreme Engineering Solutions,"Verona, WI",https://www.indeed.com/viewjob?jk=daf07c3b8f869f77&from=web&vjs=3
Arity-Software Test Engineer (Remote-Home Based),Allstate,"Chicago, IL",https://www.indeed.com/viewjob?jk=777c1316f4140ab5&from=web&vjs=3
GIS Consultant,barn storm project,Remote,https://www.indeed.com/viewjob?jk=d106185a9aaeaf87&from=web&vjs=3
Entry Level Back End Developer: 2021,IBM,United States,https://www.indeed.com/viewjob?jk=4757a8891a7150f6&from=web&vjs=3
Python Software Developer,TapRecruit,"Washington, DC",https://www.indeed.com/viewjob?jk=709a8210e9020dbb&from=web&vjs=3
Broadcast Research Analyst,Sportradar AG,"Minneapolis, MN",https://www.indeed.com/viewjob?jk=4bcc35ab2556de69&from=web&vjs=3
Research Assistant,Woods Hole Oceanographic Institution,"Woods Hole, MA",https://www.indeed.com/viewjob?jk=ee9af9daf2f3db5f&from=web&vjs=3
Sr. Investigative Researcher,PayPal,"Omaha, NE",https://www.indeed.com/viewjob?jk=9428fcfd4d988c35&from=web&vjs=3
Baseball Analytics Associate,"DETROIT TIGERS,INC.","Detroit, MI",https://www.indeed.com/viewjob?jk=4fa5f7a5356d31db&from=web&vjs=3
Python Software Engineer for Athena Trade & Risk,"JPMorgan Chase Bank, N.A.","New York, NY",https://www.indeed.com/viewjob?jk=cce0aaf678bb2015&from=web&vjs=3
Python developer,VAUXOO,"Colima, GA",https://www.indeed.com/viewjob?jk=f7669fcbd77ecd11&from=web&vjs=3
"Data Scientist II, Economic Data - Remote Position",Zillow,"Seattle, WA",https://www.indeed.com/viewjob?jk=a3569c3f5c6cffdc&from=web&vjs=3
Python Developer,InfoQuest Consulting Group Inc.,Remote,https://www.indeed.com/viewjob?jk=35e33ea7f331f341&from=web&vjs=3
Marketing Data Scientist,Physicians Mutual,"Omaha, NE",https://www.indeed.com/viewjob?jk=9aa34d0b62a4f3a3&from=web&vjs=3
Operations Coordinator,Custom by Sock Club,"Austin, TX",https://www.indeed.com/viewjob?jk=aef39e1dde9c719d&from=web&vjs=3
Full-Stack Python Developer,stackbuilders,"New York, NY",https://www.indeed.com/viewjob?jk=b4490fe245a1d8ed&from=web&vjs=3
Data Scientist,Siyaton Global Solutions,Remote,https://www.indeed.com/viewjob?jk=82d6b9bd971a9988&from=web&vjs=3
Python Developer,Artemis Consulting Inc,"Washington, DC",https://www.indeed.com/viewjob?jk=e5d40a7f153bef2d&from=web&vjs=3
"Software Engineer, Python - Cryptowatch",kraken,Remote,https://www.indeed.com/viewjob?jk=3d2c1aadb5531ac3&from=web&vjs=3
"Python Data Engineer @ Remote (Portland, Oregon)",Bodhi Minds Groups,"Portland, OR",https://www.indeed.com/viewjob?jk=abf458621ff24ab0&from=web&vjs=3
Software Engineer,Cognizant Technology Solutions,"Earth City, MO",https://www.indeed.com/viewjob?jk=b9998c5e8da4f8fb&from=web&vjs=3
Python Tester,Themesoft Inc,"Philadelphia, PA",https://www.indeed.com/viewjob?jk=98c8dda37f0ce4bb&from=web&vjs=3
Power BI Admin,Tekskills Inc,Remote,https://www.indeed.com/viewjob?jk=e6c38d318e86678e&from=web&vjs=3
Senior Python Developer,FriendFinder Networks,"Campbell, CA",https://www.indeed.com/viewjob?jk=ffc7a1413302ac79&from=web&vjs=3
Software Engineer Intern (Summer 2021),Panasonic Corporation of North America,"Denver, CO",https://www.indeed.com/viewjob?jk=5bd634bd4832cc9a&from=web&vjs=3
Help Desk Technician MDM,Omaha Public Schools,"Omaha, NE",https://www.indeed.com/viewjob?jk=8cc1292754ff808b&from=web&vjs=3
Database Developer,"JPMorgan Chase Bank, N.A.","Chicago, IL",https://www.indeed.com/viewjob?jk=2d0f2009dbae7d45&from=web&vjs=3
Penetration Testing Trainee (Remote USA),BreachLock,"Florida, NY",https://www.indeed.com/viewjob?jk=487b30db63184515&from=web&vjs=3
Geographer,World Bank Group,"Washington, DC",https://www.indeed.com/viewjob?jk=231e3032523d1763&from=web&vjs=3
Python Tester Lead,Excellerate Consulting,"Denver, CO",https://www.indeed.com/viewjob?jk=3204ae213a842e95&from=web&vjs=3
Online Scratch/Python Remote Instructor,Nature Preschool Center,Remote,https://www.indeed.com/viewjob?jk=48e9f8c0cf57c800&from=web&vjs=3
Python Django Backend Specialist,Bixly Inc,"Fresno, CA",https://www.indeed.com/viewjob?jk=9c5887b6d0b63c89&from=web&vjs=3
Junior Hybrid Trader Intern at Belvedere Trading - Summer 2021,Belvedere Trading,"Boulder, CO",https://www.indeed.com/viewjob?jk=08a31ee067c27b75&from=web&vjs=3
Business Analyst,ghSMART,"Seattle, WA",https://www.indeed.com/viewjob?jk=9776816433e012de&from=web&vjs=3
Analytics Associate (Recent Grads),Search Discovery,"Atlanta, GA",https://www.indeed.com/viewjob?jk=4f3afc50aa903a3d&from=web&vjs=3
"Software Engineer- Python, CLI & Web, 4G/LTE/5G",SSIT Inc,"Overland Park, KS",https://www.indeed.com/viewjob?jk=5a862d2f82067a55&from=web&vjs=3
Instructional Designer,CodeWizardsHQ,"Omaha, NE",https://www.indeed.com/viewjob?jk=64ad5ec653dc4804&from=web&vjs=3
Guidewire PolicyCenter QA Analysts,AE Business Solutions,"Madison, WI",https://www.indeed.com/viewjob?jk=2a23494e2d076a9a&from=web&vjs=3
Senior Data Engineer,Physicians Mutual,"Omaha, NE",https://www.indeed.com/viewjob?jk=c8abfd675c110991&from=web&vjs=3
Python Developer,MassMutual,"New York, NY",https://www.indeed.com/viewjob?jk=90de04c75f72f2f3&from=web&vjs=3
Research Editor,Dow Jones,"Princeton, NJ",https://www.indeed.com/viewjob?jk=15fd90ea1cdc91bf&from=web&vjs=3
Sr. Software Engineer (AWS) AND Python,Ursi Technologies Inc,"Atlanta, GA",https://www.indeed.com/viewjob?jk=d1704d928bb159d0&from=web&vjs=3
Data Management Specialist,"Healthcare Horizons Consulting Group, Inc.","Knoxville, TN",https://www.indeed.com/viewjob?jk=d35d86c3b5e1b009&from=web&vjs=3
"Internship, Geoeconomic Studies, Summer 2021",Council on Foreign Relations,"Washington, DC",https://www.indeed.com/viewjob?jk=489701a1e50524a9&from=web&vjs=3
"Environment Artist, Autopilot Simulation",Tesla,"Palo Alto, CA",https://www.indeed.com/viewjob?jk=d4d358f1e21b4244&from=web&vjs=3
Python Developer,Virtusa,"Bridgeport, CT",https://www.indeed.com/viewjob?jk=8823b62e14ff79bf&from=web&vjs=3
Python Developer,ION,"New York, NY",https://www.indeed.com/viewjob?jk=b2e80047a98b4bc5&from=web&vjs=3
Django - Python Developer,IBL Education,"New York, NY",https://www.indeed.com/viewjob?jk=b6dcc4c87dc0b034&from=web&vjs=3
"Data Analyst, Clinical Research",Happify Health,Remote,https://www.indeed.com/viewjob?jk=aef476ec31e1313c&from=web&vjs=3
EDI Tester - Health Care Experience required,Arktek IT solutions,"Rockville, MD",https://www.indeed.com/viewjob?jk=c0f36cc5a08ee37e&from=web&vjs=3
Java Python Developer,Pinnacle Alliances,"Reston, VA",https://www.indeed.com/viewjob?jk=ce475bfcc28e7bb6&from=web&vjs=3
Senior Python Developer,Extreme Engineering Solutions,"Verona, WI",https://www.indeed.com/viewjob?jk=daf07c3b8f869f77&from=web&vjs=3
Arity-Software Test Engineer (Remote-Home Based),Allstate,"Chicago, IL",https://www.indeed.com/viewjob?jk=777c1316f4140ab5&from=web&vjs=3
GIS Consultant,barn storm project,Remote,https://www.indeed.com/viewjob?jk=d106185a9aaeaf87&from=web&vjs=3
Entry Level Back End Developer: 2021,IBM,United States,https://www.indeed.com/viewjob?jk=4757a8891a7150f6&from=web&vjs=3
Python Software Developer,TapRecruit,"Washington, DC",https://www.indeed.com/viewjob?jk=709a8210e9020dbb&from=web&vjs=3
Broadcast Research Analyst,Sportradar AG,"Minneapolis, MN",https://www.indeed.com/viewjob?jk=4bcc35ab2556de69&from=web&vjs=3
Research Assistant,Woods Hole Oceanographic Institution,"Woods Hole, MA",https://www.indeed.com/viewjob?jk=ee9af9daf2f3db5f&from=web&vjs=3
Sr. Investigative Researcher,PayPal,"Omaha, NE",https://www.indeed.com/viewjob?jk=9428fcfd4d988c35&from=web&vjs=3
Python Backend Developer (Cloud/ML),Pensa Systems,"Denver, CO",https://www.indeed.com/viewjob?jk=e959c0f447271851&from=web&vjs=3
Baseball Analytics Associate,"DETROIT TIGERS,INC.","Detroit, MI",https://www.indeed.com/viewjob?jk=4fa5f7a5356d31db&from=web&vjs=3
Python Software Engineer for Athena Trade & Risk,"JPMorgan Chase Bank, N.A.","New York, NY",https://www.indeed.com/viewjob?jk=cce0aaf678bb2015&from=web&vjs=3
Python developer,VAUXOO,"Colima, GA",https://www.indeed.com/viewjob?jk=f7669fcbd77ecd11&from=web&vjs=3
"Data Scientist II, Economic Data - Remote Position",Zillow,"Seattle, WA",https://www.indeed.com/viewjob?jk=a3569c3f5c6cffdc&from=web&vjs=3
Python Developer,InfoQuest Consulting Group Inc.,Remote,https://www.indeed.com/viewjob?jk=35e33ea7f331f341&from=web&vjs=3
Marketing Data Scientist,Physicians Mutual,"Omaha, NE",https://www.indeed.com/viewjob?jk=9aa34d0b62a4f3a3&from=web&vjs=3
Operations Coordinator,Custom by Sock Club,"Austin, TX",https://www.indeed.com/viewjob?jk=aef39e1dde9c719d&from=web&vjs=3
Full-Stack Python Developer,stackbuilders,"New York, NY",https://www.indeed.com/viewjob?jk=b4490fe245a1d8ed&from=web&vjs=3
Data Scientist,Siyaton Global Solutions,Remote,https://www.indeed.com/viewjob?jk=82d6b9bd971a9988&from=web&vjs=3
Python Developer,Artemis Consulting Inc,"Washington, DC",https://www.indeed.com/viewjob?jk=e5d40a7f153bef2d&from=web&vjs=3
"Software Engineer, Python - Cryptowatch",kraken,Remote,https://www.indeed.com/viewjob?jk=3d2c1aadb5531ac3&from=web&vjs=3
"Python Data Engineer @ Remote (Portland, Oregon)",Bodhi Minds Groups,"Portland, OR",https://www.indeed.com/viewjob?jk=abf458621ff24ab0&from=web&vjs=3
Software Engineer,Cognizant Technology Solutions,"Earth City, MO",https://www.indeed.com/viewjob?jk=b9998c5e8da4f8fb&from=web&vjs=3
Python Tester,Themesoft Inc,"Philadelphia, PA",https://www.indeed.com/viewjob?jk=98c8dda37f0ce4bb&from=web&vjs=3
Power BI Admin,Tekskills Inc,Remote,https://www.indeed.com/viewjob?jk=e6c38d318e86678e&from=web&vjs=3
Senior Python Developer,FriendFinder Networks,"Campbell, CA",https://www.indeed.com/viewjob?jk=ffc7a1413302ac79&from=web&vjs=3
Senior SQL Developer - SQL/Python,Ascension,"Austin, TX",https://www.indeed.com/viewjob?jk=8f086b2c40daf8b9&from=web&vjs=3
Software Engineer Intern (Summer 2021),Panasonic Corporation of North America,"Denver, CO",https://www.indeed.com/viewjob?jk=5bd634bd4832cc9a&from=web&vjs=3
Help Desk Technician MDM,Omaha Public Schools,"Omaha, NE",https://www.indeed.com/viewjob?jk=8cc1292754ff808b&from=web&vjs=3
Database Developer,"JPMorgan Chase Bank, N.A.","Chicago, IL",https://www.indeed.com/viewjob?jk=2d0f2009dbae7d45&from=web&vjs=3
Penetration Testing Trainee (Remote USA),BreachLock,"Florida, NY",https://www.indeed.com/viewjob?jk=487b30db63184515&from=web&vjs=3
Geographer,World Bank Group,"Washington, DC",https://www.indeed.com/viewjob?jk=231e3032523d1763&from=web&vjs=3
Python Tester Lead,Excellerate Consulting,"Denver, CO",https://www.indeed.com/viewjob?jk=3204ae213a842e95&from=web&vjs=3
Online Scratch/Python Remote Instructor,Nature Preschool Center,Remote,https://www.indeed.com/viewjob?jk=48e9f8c0cf57c800&from=web&vjs=3
Python Django Backend Specialist,Bixly Inc,"Fresno, CA",https://www.indeed.com/viewjob?jk=9c5887b6d0b63c89&from=web&vjs=3
Junior Hybrid Trader Intern at Belvedere Trading - Summer 2021,Belvedere Trading,"Boulder, CO",https://www.indeed.com/viewjob?jk=08a31ee067c27b75&from=web&vjs=3
Business Analyst,ghSMART,"Seattle, WA",https://www.indeed.com/viewjob?jk=9776816433e012de&from=web&vjs=3
Analytics Associate (Recent Grads),Search Discovery,"Atlanta, GA",https://www.indeed.com/viewjob?jk=4f3afc50aa903a3d&from=web&vjs=3
"Software Engineer- Python, CLI & Web, 4G/LTE/5G",SSIT Inc,"Overland Park, KS",https://www.indeed.com/viewjob?jk=5a862d2f82067a55&from=web&vjs=3
Instructional Designer,CodeWizardsHQ,"Omaha, NE",https://www.indeed.com/viewjob?jk=64ad5ec653dc4804&from=web&vjs=3
Guidewire PolicyCenter QA Analysts,AE Business Solutions,"Madison, WI",https://www.indeed.com/viewjob?jk=2a23494e2d076a9a&from=web&vjs=3
Senior Data Engineer,Physicians Mutual,"Omaha, NE",https://www.indeed.com/viewjob?jk=c8abfd675c110991&from=web&vjs=3
Python Developer,MassMutual,"New York, NY",https://www.indeed.com/viewjob?jk=90de04c75f72f2f3&from=web&vjs=3
Python Developer,Virtusa,"Bridgeport, CT",https://www.indeed.com/viewjob?jk=8823b62e14ff79bf&from=web&vjs=3
Python Developer,ION,"New York, NY",https://www.indeed.com/viewjob?jk=b2e80047a98b4bc5&from=web&vjs=3
Django - Python Developer,IBL Education,"New York, NY",https://www.indeed.com/viewjob?jk=b6dcc4c87dc0b034&from=web&vjs=3
"Data Analyst, Clinical Research",Happify Health,Remote,https://www.indeed.com/viewjob?jk=aef476ec31e1313c&from=web&vjs=3
EDI Tester - Health Care Experience required,Arktek IT solutions,"Rockville, MD",https://www.indeed.com/viewjob?jk=c0f36cc5a08ee37e&from=web&vjs=3
Java Python Developer,Pinnacle Alliances,"Reston, VA",https://www.indeed.com/viewjob?jk=ce475bfcc28e7bb6&from=web&vjs=3
Senior Python Developer,Extreme Engineering Solutions,"Verona, WI",https://www.indeed.com/viewjob?jk=daf07c3b8f869f77&from=web&vjs=3
Arity-Software Test Engineer (Remote-Home Based),Allstate,"Chicago, IL",https://www.indeed.com/viewjob?jk=777c1316f4140ab5&from=web&vjs=3
Entry Level Back End Developer: 2021,IBM,United States,https://www.indeed.com/viewjob?jk=4757a8891a7150f6&from=web&vjs=3
Python Software Developer,TapRecruit,"Washington, DC",https://www.indeed.com/viewjob?jk=709a8210e9020dbb&from=web&vjs=3
Broadcast Research Analyst,Sportradar AG,"Minneapolis, MN",https://www.indeed.com/viewjob?jk=4bcc35ab2556de69&from=web&vjs=3
Research Assistant,Woods Hole Oceanographic Institution,"Woods Hole, MA",https://www.indeed.com/viewjob?jk=ee9af9daf2f3db5f&from=web&vjs=3
Sr. Investigative Researcher,PayPal,"Omaha, NE",https://www.indeed.com/viewjob?jk=9428fcfd4d988c35&from=web&vjs=3
Baseball Analytics Associate,"DETROIT TIGERS,INC.","Detroit, MI",https://www.indeed.com/viewjob?jk=4fa5f7a5356d31db&from=web&vjs=3
Python Software Engineer for Athena Trade & Risk,"JPMorgan Chase Bank, N.A.","New York, NY",https://www.indeed.com/viewjob?jk=cce0aaf678bb2015&from=web&vjs=3
Python developer,VAUXOO,"Colima, GA",https://www.indeed.com/viewjob?jk=f7669fcbd77ecd11&from=web&vjs=3
"Data Scientist II, Economic Data - Remote Position",Zillow,"Seattle, WA",https://www.indeed.com/viewjob?jk=a3569c3f5c6cffdc&from=web&vjs=3
Python Developer,InfoQuest Consulting Group Inc.,Remote,https://www.indeed.com/viewjob?jk=35e33ea7f331f341&from=web&vjs=3
Marketing Data Scientist,Physicians Mutual,"Omaha, NE",https://www.indeed.com/viewjob?jk=9aa34d0b62a4f3a3&from=web&vjs=3
Operations Coordinator,Custom by Sock Club,"Austin, TX",https://www.indeed.com/viewjob?jk=aef39e1dde9c719d&from=web&vjs=3
Full-Stack Python Developer,stackbuilders,"New York, NY",https://www.indeed.com/viewjob?jk=b4490fe245a1d8ed&from=web&vjs=3
Data Scientist,Siyaton Global Solutions,Remote,https://www.indeed.com/viewjob?jk=82d6b9bd971a9988&from=web&vjs=3
Python Developer,Artemis Consulting Inc,"Washington, DC",https://www.indeed.com/viewjob?jk=e5d40a7f153bef2d&from=web&vjs=3
"Software Engineer, Python - Cryptowatch",kraken,Remote,https://www.indeed.com/viewjob?jk=3d2c1aadb5531ac3&from=web&vjs=3
"Python Data Engineer @ Remote (Portland, Oregon)",Bodhi Minds Groups,"Portland, OR",https://www.indeed.com/viewjob?jk=abf458621ff24ab0&from=web&vjs=3
Software Engineer,Cognizant Technology Solutions,"Earth City, MO",https://www.indeed.com/viewjob?jk=b9998c5e8da4f8fb&from=web&vjs=3
Python Tester,Themesoft Inc,"Philadelphia, PA",https://www.indeed.com/viewjob?jk=98c8dda37f0ce4bb&from=web&vjs=3
Power BI Admin,Tekskills Inc,Remote,https://www.indeed.com/viewjob?jk=e6c38d318e86678e&from=web&vjs=3
Senior Python Developer,FriendFinder Networks,"Campbell, CA",https://www.indeed.com/viewjob?jk=ffc7a1413302ac79&from=web&vjs=3
Senior SQL Developer - SQL/Python,Ascension,"Austin, TX",https://www.indeed.com/viewjob?jk=8f086b2c40daf8b9&from=web&vjs=3
Software Engineer Intern (Summer 2021),Panasonic Corporation of North America,"Denver, CO",https://www.indeed.com/viewjob?jk=5bd634bd4832cc9a&from=web&vjs=3
Help Desk Technician MDM,Omaha Public Schools,"Omaha, NE",https://www.indeed.com/viewjob?jk=8cc1292754ff808b&from=web&vjs=3
Database Developer,"JPMorgan Chase Bank, N.A.","Chicago, IL",https://www.indeed.com/viewjob?jk=2d0f2009dbae7d45&from=web&vjs=3
Penetration Testing Trainee (Remote USA),BreachLock,"Florida, NY",https://www.indeed.com/viewjob?jk=487b30db63184515&from=web&vjs=3
Geographer,World Bank Group,"Washington, DC",https://www.indeed.com/viewjob?jk=231e3032523d1763&from=web&vjs=3
Python Tester Lead,Excellerate Consulting,"Denver, CO",https://www.indeed.com/viewjob?jk=3204ae213a842e95&from=web&vjs=3
Online Scratch/Python Remote Instructor,Nature Preschool Center,Remote,https://www.indeed.com/viewjob?jk=48e9f8c0cf57c800&from=web&vjs=3
Python Django Backend Specialist,Bixly Inc,"Fresno, CA",https://www.indeed.com/viewjob?jk=9c5887b6d0b63c89&from=web&vjs=3
Junior Hybrid Trader Intern at Belvedere Trading - Summer 2021,Belvedere Trading,"Boulder, CO",https://www.indeed.com/viewjob?jk=08a31ee067c27b75&from=web&vjs=3
Business Analyst,ghSMART,"Seattle, WA",https://www.indeed.com/viewjob?jk=9776816433e012de&from=web&vjs=3
Analytics Associate (Recent Grads),Search Discovery,"Atlanta, GA",https://www.indeed.com/viewjob?jk=4f3afc50aa903a3d&from=web&vjs=3
"Software Engineer- Python, CLI & Web, 4G/LTE/5G",SSIT Inc,"Overland Park, KS",https://www.indeed.com/viewjob?jk=5a862d2f82067a55&from=web&vjs=3
Instructional Designer,CodeWizardsHQ,"Omaha, NE",https://www.indeed.com/viewjob?jk=64ad5ec653dc4804&from=web&vjs=3
Guidewire PolicyCenter QA Analysts,AE Business Solutions,"Madison, WI",https://www.indeed.com/viewjob?jk=2a23494e2d076a9a&from=web&vjs=3
Senior Data Engineer,Physicians Mutual,"Omaha, NE",https://www.indeed.com/viewjob?jk=c8abfd675c110991&from=web&vjs=3
Python Developer,MassMutual,"New York, NY",https://www.indeed.com/viewjob?jk=90de04c75f72f2f3&from=web&vjs=3
Research Editor,Dow Jones,"Princeton, NJ",https://www.indeed.com/viewjob?jk=15fd90ea1cdc91bf&from=web&vjs=3
Sr. Software Engineer (AWS) AND Python,Ursi Technologies Inc,"Atlanta, GA",https://www.indeed.com/viewjob?jk=d1704d928bb159d0&from=web&vjs=3
Data Management Specialist,"Healthcare Horizons Consulting Group, Inc.","Knoxville, TN",https://www.indeed.com/viewjob?jk=d35d86c3b5e1b009&from=web&vjs=3
Back End (Python) Developer,d3VIEW,"Rochester Hills, MI",https://www.indeed.com/viewjob?jk=db60f256b5ce2dbf&from=web&vjs=3
Java Python Developer,Pinnacle Alliances,"Reston, VA",https://www.indeed.com/viewjob?jk=ce475bfcc28e7bb6&from=web&vjs=3
Arity-Software Test Engineer (Remote-Home Based),Allstate,"Chicago, IL",https://www.indeed.com/viewjob?jk=777c1316f4140ab5&from=web&vjs=3
GIS Consultant,barn storm project,Remote,https://www.indeed.com/viewjob?jk=d106185a9aaeaf87&from=web&vjs=3
Entry Level Back End Developer: 2021,IBM,United States,https://www.indeed.com/viewjob?jk=4757a8891a7150f6&from=web&vjs=3
Python Software Developer,TapRecruit,"Washington, DC",https://www.indeed.com/viewjob?jk=709a8210e9020dbb&from=web&vjs=3
Broadcast Research Analyst,Sportradar AG,"Minneapolis, MN",https://www.indeed.com/viewjob?jk=4bcc35ab2556de69&from=web&vjs=3
Research Assistant,Woods Hole Oceanographic Institution,"Woods Hole, MA",https://www.indeed.com/viewjob?jk=ee9af9daf2f3db5f&from=web&vjs=3
Sr. Investigative Researcher,PayPal,"Omaha, NE",https://www.indeed.com/viewjob?jk=9428fcfd4d988c35&from=web&vjs=3
Baseball Analytics Associate,"DETROIT TIGERS,INC.","Detroit, MI",https://www.indeed.com/viewjob?jk=4fa5f7a5356d31db&from=web&vjs=3
Python Software Engineer for Athena Trade & Risk,"JPMorgan Chase Bank, N.A.","New York, NY",https://www.indeed.com/viewjob?jk=cce0aaf678bb2015&from=web&vjs=3
Python developer,VAUXOO,"Colima, GA",https://www.indeed.com/viewjob?jk=f7669fcbd77ecd11&from=web&vjs=3
"Data Scientist II, Economic Data - Remote Position",Zillow,"Seattle, WA",https://www.indeed.com/viewjob?jk=a3569c3f5c6cffdc&from=web&vjs=3
Python Developer,InfoQuest Consulting Group Inc.,Remote,https://www.indeed.com/viewjob?jk=35e33ea7f331f341&from=web&vjs=3
Marketing Data Scientist,Physicians Mutual,"Omaha, NE",https://www.indeed.com/viewjob?jk=9aa34d0b62a4f3a3&from=web&vjs=3
Operations Coordinator,Custom by Sock Club,"Austin, TX",https://www.indeed.com/viewjob?jk=aef39e1dde9c719d&from=web&vjs=3
Full-Stack Python Developer,stackbuilders,"New York, NY",https://www.indeed.com/viewjob?jk=b4490fe245a1d8ed&from=web&vjs=3
Data Scientist,Siyaton Global Solutions,Remote,https://www.indeed.com/viewjob?jk=82d6b9bd971a9988&from=web&vjs=3
Python Developer,Artemis Consulting Inc,"Washington, DC",https://www.indeed.com/viewjob?jk=e5d40a7f153bef2d&from=web&vjs=3
"Software Engineer, Python - Cryptowatch",kraken,Remote,https://www.indeed.com/viewjob?jk=3d2c1aadb5531ac3&from=web&vjs=3
"Python Data Engineer @ Remote (Portland, Oregon)",Bodhi Minds Groups,"Portland, OR",https://www.indeed.com/viewjob?jk=abf458621ff24ab0&from=web&vjs=3
Software Engineer,Cognizant Technology Solutions,"Earth City, MO",https://www.indeed.com/viewjob?jk=b9998c5e8da4f8fb&from=web&vjs=3
Python Tester,Themesoft Inc,"Philadelphia, PA",https://www.indeed.com/viewjob?jk=98c8dda37f0ce4bb&from=web&vjs=3
Power BI Admin,Tekskills Inc,Remote,https://www.indeed.com/viewjob?jk=e6c38d318e86678e&from=web&vjs=3
Senior Python Developer,FriendFinder Networks,"Campbell, CA",https://www.indeed.com/viewjob?jk=ffc7a1413302ac79&from=web&vjs=3
Software Engineer Intern (Summer 2021),Panasonic Corporation of North America,"Denver, CO",https://www.indeed.com/viewjob?jk=5bd634bd4832cc9a&from=web&vjs=3
Help Desk Technician MDM,Omaha Public Schools,"Omaha, NE",https://www.indeed.com/viewjob?jk=8cc1292754ff808b&from=web&vjs=3
Database Developer,"JPMorgan Chase Bank, N.A.","Chicago, IL",https://www.indeed.com/viewjob?jk=2d0f2009dbae7d45&from=web&vjs=3
Penetration Testing Trainee (Remote USA),BreachLock,"Florida, NY",https://www.indeed.com/viewjob?jk=487b30db63184515&from=web&vjs=3
Geographer,World Bank Group,"Washington, DC",https://www.indeed.com/viewjob?jk=231e3032523d1763&from=web&vjs=3
Python Tester Lead,Excellerate Consulting,"Denver, CO",https://www.indeed.com/viewjob?jk=3204ae213a842e95&from=web&vjs=3
Online Scratch/Python Remote Instructor,Nature Preschool Center,Remote,https://www.indeed.com/viewjob?jk=48e9f8c0cf57c800&from=web&vjs=3
Python Django Backend Specialist,Bixly Inc,"Fresno, CA",https://www.indeed.com/viewjob?jk=9c5887b6d0b63c89&from=web&vjs=3
Junior Hybrid Trader Intern at Belvedere Trading - Summer 2021,Belvedere Trading,"Boulder, CO",https://www.indeed.com/viewjob?jk=08a31ee067c27b75&from=web&vjs=3
Business Analyst,ghSMART,"Seattle, WA",https://www.indeed.com/viewjob?jk=9776816433e012de&from=web&vjs=3
Analytics Associate (Recent Grads),Search Discovery,"Atlanta, GA",https://www.indeed.com/viewjob?jk=4f3afc50aa903a3d&from=web&vjs=3
"Software Engineer- Python, CLI & Web, 4G/LTE/5G",SSIT Inc,"Overland Park, KS",https://www.indeed.com/viewjob?jk=5a862d2f82067a55&from=web&vjs=3
Instructional Designer,CodeWizardsHQ,"Omaha, NE",https://www.indeed.com/viewjob?jk=64ad5ec653dc4804&from=web&vjs=3
Guidewire PolicyCenter QA Analysts,AE Business Solutions,"Madison, WI",https://www.indeed.com/viewjob?jk=2a23494e2d076a9a&from=web&vjs=3
Senior Data Engineer,Physicians Mutual,"Omaha, NE",https://www.indeed.com/viewjob?jk=c8abfd675c110991&from=web&vjs=3
Python Developer,MassMutual,"New York, NY",https://www.indeed.com/viewjob?jk=90de04c75f72f2f3&from=web&vjs=3
Research Editor,Dow Jones,"Princeton, NJ",https://www.indeed.com/viewjob?jk=15fd90ea1cdc91bf&from=web&vjs=3
Sr. Software Engineer (AWS) AND Python,Ursi Technologies Inc,"Atlanta, GA",https://www.indeed.com/viewjob?jk=d1704d928bb159d0&from=web&vjs=3
Data Management Specialist,"Healthcare Horizons Consulting Group, Inc.","Knoxville, TN",https://www.indeed.com/viewjob?jk=d35d86c3b5e1b009&from=web&vjs=3
Back End (Python) Developer,d3VIEW,"Rochester Hills, MI",https://www.indeed.com/viewjob?jk=db60f256b5ce2dbf&from=web&vjs=3
Software Engineer (Python),Arine,"San Francisco, CA",https://www.indeed.com/viewjob?jk=5234808c270340bf&from=web&vjs=3
Python Web Developer,Hire Digital,"Seattle, WA",https://www.indeed.com/viewjob?jk=7654457730b8779c&from=web&vjs=3
Software Test Engineer - Entry Level,John Deere,"Waterloo, IA",https://www.indeed.com/viewjob?jk=042fcddf00e0c80a&from=web&vjs=3
Senior Data Engineer,Digital Dhara,"Atlanta, GA",https://www.indeed.com/viewjob?jk=187154f7d08374e9&from=web&vjs=3
Computer Coding Instructor (Internship),Code Super Powers,Remote,https://www.indeed.com/viewjob?jk=9c77a0d9685c22fd&from=web&vjs=3
Autopilot - Deep Learning Internship (Summer 2021),Tesla,"Palo Alto, CA",https://www.indeed.com/viewjob?jk=e8ca5651c773947b&from=web&vjs=3
